beta,seed,mean_relevant_information,mean_roi_event_fraction,mean_roi_event_density,roi_empty_fraction,mean_total_event_mass,mean_roi_event_mass,n_fixations,unique_cells,revisit_fraction,consecutive_same_cell_fraction,mean_saccade_length_px,median_saccade_length_px,std_saccade_length_px
5,0,0.08615057540997836,0.09156652917721145,0.13974496637510403,0.3333333333333333,4287.431372549019,392.2352941176471,50,36,0.28,0.0,109.92640680560804,114.73036346530559,51.33113175070243
5,1,0.0800529649828836,0.08283273038855285,0.12704330328541905,0.29411764705882354,4287.431372549019,355.8627450980392,50,36,0.28,0.0,113.69181704040315,115.70851466394473,52.30230146037075
5,2,0.10761876760106297,0.12001759304540499,0.16322883728072926,0.27450980392156865,4287.431372549019,458.5098039215686,50,33,0.33999999999999997,0.0,95.6842988739419,85.53938302578611,57.34749296178658
5,3,0.10621557124665774,0.110854286351939,0.168380250130032,0.27450980392156865,4287.431372549019,469.6862745098039,50,34,0.31999999999999995,0.02040816326530612,109.4580033522067,97.62946469855083,64.43776456510814
5,4,0.09751769181753749,0.10087116894280572,0.1541286546229145,0.29411764705882354,4287.431372549019,432.03921568627453,50,36,0.28,0.02040816326530612,113.13012379168619,107.72637734534734,54.64444245188852
6,0,0.11759908981839577,0.12526160750915105,0.18614936184512956,0.21568627450980393,4287.431372549019,522.8627450980392,50,33,0.33999999999999997,0.0,95.90236136367213,82.24917740265295,62.203674207169186
6,1,0.10080454075060111,0.10492431124145367,0.16265421757485074,0.2549019607843137,4287.431372549019,456.0980392156863,50,33,0.33999999999999997,0.04081632653061224,93.97645573042007,88.05311556083574,51.49413333913288
6,2,0.12737466619686633,0.13220216309916394,0.1971603878290369,0.11764705882352941,4287.431372549019,553.8235294117648,50,27,0.45999999999999996,0.02040816326530612,73.26606450451469,73.87975198635577,34.12511966309116
6,3,0.11270544461584163,0.11685910042511112,0.1763412947741982,0.17647058823529413,4287.431372549019,494.11764705882354,50,34,0.31999999999999995,0.0,100.22019383076317,93.30901682969149,55.327142963687045
6,4,0.10589671293880196,0.1095414793871846,0.16799068204794196,0.21568627450980393,4287.431372549019,470.0980392156863,50,30,0.4,0.061224489795918366,93.45855351337568,86.39643248280512,50.351750467957864
7,0,0.1141336779538489,0.1181329595239246,0.18092406061748298,0.2549019607843137,4287.431372549019,508.2156862745098,50,33,0.33999999999999997,0.02040816326530612,97.69985472779854,92.2727452378623,44.91723929814767
7,1,0.12316241881710165,0.13598005711501288,0.18847681472019207,0.13725490196078433,4287.431372549019,529.4313725490196,50,31,0.38,0.04081632653061224,81.09703856214784,86.31293101830408,44.28803829985592
7,2,0.1339877199431849,0.1472344559969603,0.20531345325599082,0.0392156862745098,4287.431372549019,576.7254901960785,50,25,0.5,0.02040816326530612,75.71888462143697,70.05085233872374,34.67031167563273
7,3,0.14379591910927325,0.14974273577549957,0.2280949341675778,0.09803921568627451,4287.431372549019,639.0,50,25,0.5,0.02040816326530612,90.31255154600396,90.4533144646735,55.225746108589405
7,4,0.12541008822051372,0.12983203156591994,0.19754909439745985,0.09803921568627451,4287.431372549019,553.3725490196078,50,27,0.45999999999999996,0.0,91.51561918740727,88.04530503377674,41.46868028700039
8,0,0.13947925894317045,0.14427445377415005,0.22128801680871701,0.09803921568627451,4287.431372549019,621.156862745098,50,26,0.48,0.0,75.67165262558179,68.13096854652123,42.83364318982544
8,1,0.14364829188312359,0.1571286085250386,0.22223728745885055,0.0784313725490196,4287.431372549019,621.5490196078431,50,24,0.52,0.061224489795918366,71.916198023469,62.42555329552214,48.9916366520776
8,2,0.1555333680573174,0.16968603238677596,0.2373058049245932,0.0196078431372549,4287.431372549019,666.4117647058823,50,24,0.52,0.02040816326530612,65.69377234607852,66.42639529012017,30.408358636098875
8,3,0.13882125585510732,0.14394260051000804,0.21687729915746998,0.09803921568627451,4287.431372549019,607.9215686274509,50,30,0.4,0.02040816326530612,78.34181608446637,72.59429175310811,43.484708261498604
8,4,0.14321625731396764,0.14811102863511855,0.22732952205446075,0.0392156862745098,4287.431372549019,638.5686274509804,50,26,0.48,0.04081632653061224,70.13397450256588,71.55067101575312,33.46947296378358
9,0,0.14256343365100302,0.15583690957251442,0.22208571649651654,0.058823529411764705,4287.431372549019,623.8235294117648,50,28,0.43999999999999995,0.061224489795918366,72.36905234276367,59.2072629174063,48.248526019043645
9,1,0.15064196977418642,0.16429627461458604,0.2343769525344812,0.0196078431372549,4287.431372549019,658.0196078431372,50,24,0.52,0.061224489795918366,70.3783807114548,72.97414102338584,37.30741921432689
9,2,0.16304300208625316,0.17752079490948536,0.248928741710438,0.0,4287.431372549019,697.5490196078431,50,22,0.56,0.061224489795918366,60.866759665614154,57.607868669564944,33.2676654998268
9,3,0.14193864733668443,0.15542358645221355,0.2178544179465587,0.0392156862745098,4287.431372549019,611.9411764705883,50,24,0.52,0.04081632653061224,74.68353496673433,72.6838723216282,38.90770624018551
9,4,0.15548857563828,0.16939641608828854,0.2398313544000725,0.0,4287.431372549019,673.6862745098039,50,24,0.52,0.02040816326530612,63.95633434733164,60.745836516175856,35.0854285544915
10,0,0.14858889041725712,0.1620051834890836,0.23268475970332164,0.0196078431372549,4287.431372549019,651.5490196078431,50,21,0.5800000000000001,0.02040816326530612,71.34755230123918,68.29863656310553,37.11046726493673
10,1,0.15516962243315965,0.16890746025252157,0.2417509545648091,0.0,4287.431372549019,679.0784313725491,50,21,0.5800000000000001,0.04081632653061224,64.13023644545785,65.47511120413017,36.267792508638685
10,2,0.15415291355299937,0.16807929275343567,0.2387909566487032,0.0,4287.431372549019,665.0588235294117,50,22,0.56,0.04081632653061224,67.83466269397726,65.98825680940845,35.55078813745663
10,3,0.1395033071489642,0.15289975040251808,0.21406850529460622,0.0392156862745098,4287.431372549019,600.7254901960785,50,24,0.52,0.04081632653061224,76.43851348325296,75.69769305204849,42.820948803950564
10,4,0.15877277398764833,0.17272865450966587,0.2457088210862842,0.0,4287.431372549019,690.1960784313726,50,22,0.56,0.061224489795918366,64.81414462407318,66.42680524818925,34.14010334855073
11,0,0.13780464963580316,0.15114827124570884,0.211595917937743,0.0392156862745098,4287.431372549019,593.8823529411765,50,27,0.45999999999999996,0.061224489795918366,71.94195036872289,65.44182389922887,42.34425317731099
11,1,0.15448735553816687,0.1682888293204429,0.23977802441731402,0.0,4287.431372549019,673.0,50,20,0.6,0.061224489795918366,60.04793966708875,53.92722304258356,35.335321446644144
11,2,0.1460407186931016,0.15978634781774279,0.22361645528338076,0.0,4287.431372549019,626.0,50,22,0.56,0.0,67.99747450782716,67.81238550600757,35.40513325151306
11,3,0.1538535213756072,0.16783015158967798,0.235831605693185,0.0196078431372549,4287.431372549019,662.4509803921569,50,19,0.62,0.08163265306122448,69.11756975039054,68.79633197965173,40.65515406193781
11,4,0.15801865768371942,0.1719433680690189,0.24474553082179817,0.0,4287.431372549019,687.4901960784314,50,19,0.62,0.04081632653061224,70.75902376486944,69.83808933670844,33.42245586192971
12,0,0.15595591336746384,0.16985794092142625,0.24074578211491066,0.0,4287.431372549019,676.2549019607843,50,23,0.54,0.061224489795918366,65.15149823825693,69.52933680511467,33.05725755882363
12,1,0.15737032251162109,0.17124842071207097,0.24435736782235484,0.0,4287.431372549019,686.0392156862745,50,18,0.64,0.14285714285714285,60.07232304752308,55.6513765205185,37.302493263507564
12,2,0.15067181846853342,0.16455697116624068,0.23218342158756614,0.0,4287.431372549019,647.6470588235294,50,21,0.5800000000000001,0.08163265306122448,65.67557226804283,66.43005612039696,36.61747133903547
12,3,0.15985733584414458,0.1741200269112333,0.24608596420665593,0.0,4287.431372549019,686.3725490196078,50,21,0.5800000000000001,0.02040816326530612,62.899434887763235,57.88069908776903,34.23654612837037
12,4,0.15641800288107516,0.17025971722631145,0.24239314807446646,0.0,4287.431372549019,680.8823529411765,50,22,0.56,0.061224489795918366,62.65054942263049,66.7564623269271,28.535042615046756
13,0,0.16194324808566038,0.17596868957359993,0.2516700521433208,0.0,4287.431372549019,706.9411764705883,50,23,0.54,0.061224489795918366,60.06950011573323,60.95010607323667,34.992215646425215
13,1,0.15786094541560383,0.17174032530194355,0.24547350226888678,0.0,4287.431372549019,689.3529411764706,50,18,0.64,0.14285714285714285,59.7538314032897,52.672517520443776,36.24333914841772
13,2,0.15491947116679894,0.16902166657217255,0.23753803627319414,0.0,4287.431372549019,664.0980392156863,50,17,0.6599999999999999,0.061224489795918366,62.01820171374674,66.37337114522475,35.94749860829013
13,3,0.15687304118996329,0.17093999178759778,0.24142555077672878,0.0,4287.431372549019,676.6274509803922,50,22,0.56,0.04081632653061224,61.52683692947991,65.72463728444038,32.38870694321074
13,4,0.15740738073200713,0.17104671125209364,0.24723054048960266,0.0,4287.431372549019,694.4705882352941,50,20,0.6,0.061224489795918366,62.142652442226556,65.48559284425332,28.88132177454202
14,0,0.15817948525705708,0.1721820110502791,0.24427274538262322,0.0,4287.431372549019,685.9803921568628,50,21,0.5800000000000001,0.04081632653061224,57.71243194827854,60.28634033254265,35.183450635424016
14,1,0.15508945145397499,0.16889476163032097,0.24055234548292567,0.0,4287.431372549019,675.5294117647059,50,15,0.7,0.061224489795918366,66.1493322930651,67.6943698277014,34.73709598083372
14,2,0.15377630156627836,0.16787260533688214,0.23413537718398134,0.0,4287.431372549019,657.6862745098039,50,21,0.5800000000000001,0.061224489795918366,58.870412479339976,66.81679374912757,37.274314675287755
14,3,0.16341318889823253,0.17767650611159475,0.2521457791406685,0.0,4287.431372549019,706.4901960784314,50,20,0.6,0.061224489795918366,55.96743361330148,59.02980499344997,33.472471894688184
14,4,0.16434018883282114,0.1784771477191012,0.25444823710901227,0.0,4287.431372549019,714.7450980392157,50,21,0.5800000000000001,0.061224489795918366,62.09599342812426,66.0316073087997,34.409702122720404
15,0,0.15846085666934692,0.17251011960389512,0.2442378435614462,0.0,4287.431372549019,685.8823529411765,50,18,0.64,0.04081632653061224,62.145007165906456,60.328872305001696,32.95569881446055
15,1,0.1574807119928069,0.17139740057297417,0.24427985998463234,0.0,4287.431372549019,686.0,50,20,0.6,0.10204081632653061,62.51511457109007,62.107940394223746,34.93566158187766
15,2,0.16202078083694474,0.17641210826912493,0.24789230936852882,0.0,4287.431372549019,694.4705882352941,50,18,0.64,0.04081632653061224,51.9638304860172,47.184338262610694,34.000887065199784
15,3,0.1598417209771408,0.17403054772367696,0.24595419606386357,0.0,4287.431372549019,689.0980392156863,50,18,0.64,0.061224489795918366,60.004182055786494,64.11683365722791,34.25139611484516
15,4,0.15807603936290088,0.1719779280316047,0.24486419701380013,0.0,4287.431372549019,687.8235294117648,50,21,0.5800000000000001,0.10204081632653061,62.631476292501794,68.18319676903815,30.937973065826192
16,0,0.16233264355667212,0.17642407145154407,0.25176965657144906,0.0,4287.431372549019,707.0392156862745,50,19,0.62,0.08163265306122448,55.514070757834155,54.617772270034855,31.314340930222112
16,1,0.15747440987129666,0.17150879237842817,0.2427651209455493,0.0,4287.431372549019,681.7450980392157,50,18,0.64,0.12244897959183673,65.98193383420401,68.64658604259665,40.538431241215086
16,2,0.16015995093780716,0.17443948207767476,0.24664614815336047,0.0,4287.431372549019,687.9607843137255,50,18,0.64,0.08163265306122448,57.30338361294571,47.2722072878683,36.60767988424815
16,3,0.16597452150358308,0.18042418756847062,0.2550286695698911,0.0,4287.431372549019,714.5882352941177,50,18,0.64,0.10204081632653061,61.33556171458308,66.3882334786337,35.64027032945415
16,4,0.16026507834727005,0.17422786030977103,0.24836833985997384,0.0,4287.431372549019,697.6666666666666,50,19,0.62,0.12244897959183673,59.04385289039659,65.38929711959852,32.878312545768
17,0,0.1549660877049654,0.16889652173577335,0.23890460839540717,0.0,4287.431372549019,670.7254901960785,50,21,0.5800000000000001,0.061224489795918366,57.853513017941225,55.54620884782037,33.27838685217337
17,1,0.16405679016860353,0.17824479428490417,0.2538848411725508,0.0,4287.431372549019,712.9803921568628,50,18,0.64,0.061224489795918366,61.933948300931185,53.63757531373715,35.84725997698546
17,2,0.15763915776276055,0.17172235039440217,0.24398858323307468,0.0,4287.431372549019,680.1764705882352,50,19,0.62,0.14285714285714285,58.48018271525817,51.36984080904112,38.04665858639915
17,3,0.15800025003430165,0.1720936583085292,0.24331561838288018,0.0,4287.431372549019,681.6862745098039,50,20,0.6,0.10204081632653061,62.623310459660516,68.48686310435579,36.11123076098311
17,4,0.15969365363646018,0.17367540649648391,0.24720959939689646,0.0,4287.431372549019,694.4117647058823,50,18,0.64,0.14285714285714285,59.26633182016835,66.88026938879625,34.67191821318372
18,0,0.15859747520328213,0.17281114870138137,0.24371846541134326,0.0,4287.431372549019,681.3725490196078,50,21,0.5800000000000001,0.061224489795918366,61.063073083345046,55.24677264547732,38.26148331701296
18,1,0.15139878109140134,0.16520868729975638,0.23331370777080987,0.0,4287.431372549019,655.1960784313726,50,20,0.6,0.1836734693877551,61.48820547016759,60.33668414183114,40.89450559743268
18,2,0.16101542895808138,0.17525462805423983,0.2490707971808635,0.0,4287.431372549019,693.8823529411765,50,17,0.6599999999999999,0.12244897959183673,62.91080419596208,63.41015744613131,41.704564683225264
18,3,0.166504205396767,0.18097653826730398,0.2557406667219025,0.0,4287.431372549019,716.5882352941177,50,16,0.6799999999999999,0.14285714285714285,59.03681589252082,64.03407331831787,36.96450147469326
18,4,0.15834270461851863,0.17232002793223988,0.2446338449940317,0.0,4287.431372549019,687.1764705882352,50,20,0.6,0.16326530612244897,60.21219950243505,69.94787249607549,34.925220558773276
19,0,0.16002432918325168,0.17421930994268806,0.24518529376862874,0.0,4287.431372549019,688.7254901960785,50,21,0.5800000000000001,0.061224489795918366,61.785349577657726,47.825752253258614,39.129919212370325
19,1,0.1513152937839227,0.1650721005213647,0.23376045108187582,0.0,4287.431372549019,656.4509803921569,50,19,0.62,0.14285714285714285,62.27568317286689,65.19873890689172,42.65629244733657
19,2,0.1561677354851492,0.1703376659108795,0.2403806092353561,0.0,4287.431372549019,669.4705882352941,50,18,0.64,0.10204081632653061,64.38648583408168,67.73262686273233,43.20046807544567
19,3,0.16247376053969856,0.17673514082424877,0.25012845387663624,0.0,4287.431372549019,700.8235294117648,50,19,0.62,0.10204081632653061,59.67962368565182,66.11683461224047,33.48973748387685
19,4,0.16218407357937184,0.17634303409156818,0.25014833274000225,0.0,4287.431372549019,702.6666666666666,50,19,0.62,0.16326530612244897,61.67056856866331,67.24169195117659,38.02184861915312
20,0,0.15826699504400235,0.17252041314849118,0.24112970214785798,0.0,4287.431372549019,677.3333333333334,50,19,0.62,0.08163265306122448,62.994024219719385,65.74533950670362,40.87826944239943
20,1,0.15256503346574643,0.1664077776653289,0.23531009194213592,0.0,4287.431372549019,660.8039215686274,50,20,0.6,0.12244897959183673,67.2813228237423,70.33138773582633,42.276986636790646
20,2,0.15640679269477575,0.17050534523302668,0.2413467723803578,0.0,4287.431372549019,673.2941176470588,50,18,0.64,0.14285714285714285,62.94415488850696,52.61211405199944,45.26624973831659
20,3,0.1679880759731346,0.18246239080713592,0.25851187132335857,0.0,4287.431372549019,724.3725490196078,50,21,0.5800000000000001,0.08163265306122448,59.59429537781416,65.55102318735322,32.939337552868864
20,4,0.15493347470374777,0.16876910827591246,0.23946837545983143,0.0,4287.431372549019,672.6666666666666,50,18,0.64,0.14285714285714285,67.9651170505277,79.1232255123179,37.60721824740656
21,0,0.15867863369719248,0.17290196624241755,0.24216977641893345,0.0,4287.431372549019,680.2549019607843,50,20,0.6,0.08163265306122448,62.65629178720255,60.30627748263804,39.13731083604154
21,1,0.15548894242028607,0.1693792611134775,0.2404127381982176,0.0,4287.431372549019,675.1372549019608,50,18,0.64,0.12244897959183673,63.27968207700934,66.75751332068782,40.14650465772361
21,2,0.16039415683746047,0.17479418741838199,0.24558933804314836,0.0,4287.431372549019,684.6274509803922,50,17,0.6599999999999999,0.16326530612244897,61.50950184885654,65.15294137185323,39.66486080027907
21,3,0.16210663131959654,0.1764376808595263,0.24852995046672832,0.0,4287.431372549019,696.3333333333334,50,20,0.6,0.12244897959183673,56.23476930646751,62.41676177475681,32.71010120816472
21,4,0.1636774178405457,0.1778920731764925,0.2523680885668613,0.0,4287.431372549019,708.9019607843137,50,19,0.62,0.14285714285714285,60.9975710755923,75.86800781165155,34.987659579887094
22,0,0.15946466279015753,0.17372648880241506,0.24325871323965678,0.0,4287.431372549019,683.3137254901961,50,22,0.56,0.08163265306122448,66.23755149450801,70.92849839314596,40.82115593674927
22,1,0.15666132734023372,0.17068277375751317,0.24062214912527974,0.0,4287.431372549019,675.7254901960785,50,18,0.64,0.08163265306122448,63.68308634100186,66.14290802991353,39.81663614727519
22,2,0.1546557774536277,0.1688524946915699,0.23639781574658805,0.0,4287.431372549019,659.0784313725491,50,18,0.64,0.22448979591836735,57.251969248951085,59.71831126374149,43.400368859229296
22,3,0.16017333501987513,0.17439193797488498,0.24608682298433626,0.0,4287.431372549019,689.4705882352941,50,19,0.62,0.12244897959183673,62.89481692015451,76.31811490817586,38.466894917321405
22,4,0.16383820210424474,0.17799341945152541,0.25322667336781624,0.0,4287.431372549019,711.3137254901961,50,18,0.64,0.1836734693877551,59.30605370060286,76.8937066525437,37.35869369318485
23,0,0.1573101488767638,0.17150332635949297,0.2398034329431309,0.0,4287.431372549019,673.6078431372549,50,21,0.5800000000000001,0.061224489795918366,66.27728521407373,72.18725516390165,39.698884929583656
23,1,0.15655759452947438,0.1705848999457639,0.24027313091350944,0.0,4287.431372549019,674.7450980392157,50,18,0.64,0.08163265306122448,62.817132315843516,66.36253060054771,37.48183410151919
23,2,0.1565199495316878,0.1707088526933649,0.24037831715771957,0.0,4287.431372549019,669.6666666666666,50,17,0.6599999999999999,0.1836734693877551,53.651066243578164,51.93939171309602,39.99978863603142
23,3,0.16034791445873228,0.17460863116868955,0.24591231387845114,0.0,4287.431372549019,688.9803921568628,50,20,0.6,0.12244897959183673,62.45053604281556,74.01662767228581,39.40749355090978
23,4,0.16185798537429025,0.17597848665494112,0.24976441270705496,0.0,4287.431372549019,701.5882352941177,50,18,0.64,0.1836734693877551,59.58797407988747,77.88130508381812,38.604058660387764
24,0,0.15918063530057114,0.17335569051166874,0.244019572941316,0.0,4287.431372549019,685.4509803921569,50,18,0.64,0.12244897959183673,66.12331282883018,75.29217550738625,42.87525510758697
24,1,0.1570054450900903,0.17102092166466215,0.24131320518458488,0.0,4287.431372549019,677.6666666666666,50,18,0.64,0.08163265306122448,61.02408366475433,66.10869713627892,36.919117173587246
24,2,0.15938172659968247,0.17362932301096204,0.24395781189253748,0.0,4287.431372549019,683.4901960784314,50,16,0.6799999999999999,0.24489795918367346,53.98856299132085,61.31755965341428,39.013524143970656
24,3,0.15426280185096997,0.16825304375791159,0.2371519567630169,0.0,4287.431372549019,664.3725490196078,50,16,0.6799999999999999,0.10204081632653061,61.984505035151905,70.9729503678105,39.24870871184462
24,4,0.16259726227813096,0.1768230374124326,0.24986213780635066,0.0,4287.431372549019,701.8627450980392,50,16,0.6799999999999999,0.22448979591836735,59.40531358634881,77.91978244109288,40.71472359856521
25,0,0.15889913507218226,0.173124597261868,0.2428259306570616,0.0,4287.431372549019,682.0980392156863,50,18,0.64,0.10204081632653061,67.83371156034116,77.13659721901624,42.4033910901998
25,1,0.15662465996296782,0.17064430330356872,0.24052442402598403,0.0,4287.431372549019,675.4509803921569,50,17,0.6599999999999999,0.10204081632653061,54.36899999316588,51.81055831193113,35.28075735784491
25,2,0.1575850506498886,0.1717945885663271,0.24085853017201733,0.0,4287.431372549019,674.7843137254902,50,17,0.6599999999999999,0.24489795918367346,54.87408313398422,66.74890493190449,42.955034631630646
25,3,0.15438468965769525,0.16841478864455858,0.23680991891548198,0.0,4287.431372549019,663.4117647058823,50,17,0.6599999999999999,0.12244897959183673,61.34310055805844,69.1239655430916,40.345557548804926
25,4,0.1650699628212687,0.17934139931846727,0.2545013952674204,0.0,4287.431372549019,714.6470588235294,50,15,0.7,0.22448979591836735,58.64334301191636,76.08174931287635,38.845827580149724
26,0,0.1581683838421136,0.17231319426208894,0.24230938370364158,0.0,4287.431372549019,680.6470588235294,50,17,0.6599999999999999,0.14285714285714285,65.09936225150553,74.38737132946656,42.71642581545484
26,1,0.15663148286302653,0.17062981074755282,0.24076175640998784,0.0,4287.431372549019,676.1176470588235,50,17,0.6599999999999999,0.10204081632653061,54.378980512870015,46.48145911385213,33.75302176666413
26,2,0.16117291577598605,0.1754585091627475,0.2470710543415285,0.0,4287.431372549019,692.2352941176471,50,14,0.72,0.2653061224489796,56.0226654039024,67.53724154605304,40.596563414190584
26,3,0.15706499271985086,0.17121446255695372,0.24083758907931113,0.0,4287.431372549019,674.7254901960785,50,16,0.6799999999999999,0.12244897959183673,56.1685528716498,64.93280709399863,39.72975796936953
26,4,0.15921596058679363,0.17324818513424814,0.2457018407220488,0.0,4287.431372549019,690.1764705882352,50,16,0.6799999999999999,0.1836734693877551,60.48856205564772,77.96782582411336,39.202727716831845
27,0,0.15685543727674728,0.1709794276422456,0.24013151006219494,0.0,4287.431372549019,674.5294117647059,50,20,0.6,0.14285714285714285,60.26281363014155,70.0071439503257,37.81181420374888
27,1,0.15696581298676085,0.17099796058527544,0.24104097097940405,0.0,4287.431372549019,676.9019607843137,50,15,0.7,0.10204081632653061,57.83238695077823,57.28567667093698,36.97884556845246
27,2,0.15902631052772245,0.17327058712687463,0.2432667558332323,0.0,4287.431372549019,681.5490196078431,50,16,0.6799999999999999,0.2653061224489796,54.94616159937411,60.61314473542457,40.85901767658478
27,3,0.153449581181135,0.1675634699755612,0.23409455722790912,0.0,4287.431372549019,655.7843137254902,50,17,0.6599999999999999,0.10204081632653061,55.68421927643977,58.194662647513724,38.69454384759398
27,4,0.16051257526439022,0.17458638600536366,0.24778198926419975,0.0,4287.431372549019,696.0196078431372,50,13,0.74,0.20408163265306123,57.731636863567665,77.80745040984021,37.92911948692134
28,0,0.1584166181136722,0.1725035126313151,0.24449848662668425,0.0,4287.431372549019,684.8627450980392,50,19,0.62,0.16326530612244897,61.006476969905286,67.73636675531206,39.724926277092266
28,1,0.15625913621019363,0.17024873496139872,0.24014050399303677,0.0,4287.431372549019,674.3725490196078,50,16,0.6799999999999999,0.12244897959183673,53.738097498061336,51.328069920613316,38.22560499572052
28,2,0.15927776057258375,0.17352430987034603,0.24374840096547534,0.0,4287.431372549019,682.9019607843137,50,14,0.72,0.22448979591836735,54.787116302433624,65.76402901642413,41.40618175180624
28,3,0.15808691774560987,0.17229443050137225,0.24217083864827363,0.0,4287.431372549019,678.4705882352941,50,17,0.6599999999999999,0.10204081632653061,56.752398133741906,62.79364520178356,39.65331393552432
28,4,0.15892985546402388,0.17295815127189398,0.24517831340439336,0.0,4287.431372549019,688.7058823529412,50,13,0.74,0.20408163265306123,58.84160188514431,76.64335632728546,38.325264351210706
29,0,0.15885334310338192,0.17302649412857163,0.24406145512672842,0.0,4287.431372549019,683.3725490196078,50,18,0.64,0.16326530612244897,61.416639841363306,72.34439499173075,39.7295400249772
29,1,0.15606404403684188,0.17004432860697224,0.2398403483309143,0.0,4287.431372549019,673.5294117647059,50,15,0.7,0.16326530612244897,54.31869967036833,57.75627226805706,39.755740039902754
29,2,0.15726643638159063,0.1713997080719468,0.24110284292025652,0.0,4287.431372549019,675.4705882352941,50,18,0.64,0.22448979591836735,55.64846100201962,64.29440534301222,40.35106923126946
29,3,0.15323221474240856,0.1673368479901341,0.23374553901613884,0.0,4287.431372549019,654.8039215686274,50,16,0.6799999999999999,0.12244897959183673,53.32279172300856,51.98474358640386,35.92714687899179
29,4,0.15656108086014797,0.17052726813724,0.24130864110027717,0.0,4287.431372549019,677.6470588235294,50,16,0.6799999999999999,0.16326530612244897,62.71218346397953,77.63684049737887,38.92842207411151
30,0,0.15787879192992654,0.1720799447344206,0.24089236976385422,0.0,4287.431372549019,676.6666666666666,50,17,0.6599999999999999,0.16326530612244897,60.68075228316892,72.41557860273696,36.28534555917428
30,1,0.1567795390997821,0.1707719199190075,0.24111775498599353,0.0,4287.431372549019,677.1176470588235,50,13,0.74,0.16326530612244897,54.46201776879418,57.75627226805706,39.57333218913395
30,2,0.15792271533314603,0.17205104460199921,0.24254079795275016,0.0,4287.431372549019,679.5098039215686,50,15,0.7,0.20408163265306123,52.343309284542585,65.66952163994182,40.142470939675825
30,3,0.15661403478791028,0.17083927006458977,0.2389877925569286,0.0,4287.431372549019,669.5294117647059,50,17,0.6599999999999999,0.14285714285714285,53.58982093905765,59.25762441829963,36.057885291843405
30,4,0.16178799316748893,0.1759588689024507,0.24925229560016895,0.0,4287.431372549019,699.9607843137255,50,14,0.72,0.20408163265306123,58.12412292596345,72.46268921684997,38.62572114650405
